id,first_name,last_name,email,age
1,Fabe,Barfield,fbarfield0@ucsd.edu,56
2,Lowe,Britch,lbritch1@wikispaces.com,25
3,Clarke,Cozzi,ccozzi2@mtv.com,77
4,Perceval,Mechem,pmechem3@aboutads.info,95
5,Esther,Scarff,escarff4@issuu.com,31
6,Karna,Horning,khorning5@elpais.com,94
7,Pet,Cloney,pcloney6@tiny.cc,
8,Dode,Keward,,64
9,Joann,Dangl,jdangl8@prnewswire.com,
10,Amabelle,Elliston,aelliston9@linkedin.com,74
11,Joan,MacEntee,jmacenteea@netscape.com,88
12,Gwenora,Wooffinden,gwooffindenb@eepurl.com,53
13,,Yacobsohn,,40
14,Gerik,Gaydon,ggaydond@naver.com,28
15,,Vicary,tvicarye@loc.gov,
16,Tades,Pritchard,tpritchardf@canalblog.com,90
17,Bren,Bambery,bbamberyg@youku.com,
18,Torrance,Freake,,97
19,,Guess,mguessi@ucla.edu,
20,Lianne,Weighell,lweighellj@meetup.com,
21,,Blasio,tblasiok@patch.com,39
22,Tad,Bocken,tbockenl@bluehost.com,57
23,Cary,Pasley,cpasleym@w3.org,56
24,Marylinda,Geharke,mgeharken@yelp.com,88
25,Johannes,Flippen,jflippeno@tripadvisor.com,97
26,Cecilla,Marquese,cmarquesep@forbes.com,19
27,Karly,Cornuau,kcornuauq@simplemachines.org,81
28,,McClements,mmcclementsr@imageshack.us,80
29,Mellie,Temple,mtemples@fotki.com,95
30,Robert,Cargon,rcargont@tripod.com,4
31,Saidee,Godspeede,sgodspeedeu@blinklist.com,76
32,Nicky,Olley,nolleyv@blog.com,75
33,Heall,Cardello,hcardellow@ca.gov,
34,Aristotle,Chimienti,achimientix@imgur.com,29
35,Courtney,Davenell,cdavenelly@shop-pro.jp,19
36,,Pues,gpuesz@last.fm,95
37,Tann,Rake,trake10@hugedomains.com,
38,Donnajean,Rooze,drooze11@about.com,3
39,Georgeanna,Damerell,gdamerell12@patch.com,
40,George,Dinsey,gdinsey13@com.com,33
41,Marcellus,Scripps,mscripps14@home.pl,
42,Konstanze,Workes,kworkes15@dell.com,15
43,,Shuttle,tshuttle16@vistaprint.com,73
44,Wye,Tamsett,wtamsett17@nymag.com,65
45,Tucky,Dionsetto,tdionsetto18@nba.com,
46,Ely,Coules,ecoules19@apple.com,
47,Kial,Froude,kfroude1a@studiopress.com,52
48,Zorina,Karpman,zkarpman1b@linkedin.com,100
49,Sabrina,Leggs,sleggs1c@parallels.com,93
50,,Sawford,lsawford1d@webmd.com,89
51,Celestyna,Northeast,cnortheast1e@issuu.com,
52,Jenni,Woolward,jwoolward1f@4shared.com,64
53,Cristi,Owers,cowers1g@networkadvertising.org,
54,Pren,Lyddyard,plyddyard1h@histats.com,36
55,Rowan,Harbar,rharbar1i@lycos.com,32
56,Dasha,Luckcuck,dluckcuck1j@tuttocitta.it,
57,,Petrasch,kpetrasch1k@amazon.de,57
58,Merrick,Bredee,mbredee1l@fda.gov,65
59,Ines,Bliben,ibliben1m@phoca.cz,
60,Carly,Tabart,ctabart1n@unc.edu,
61,Gaylord,Skeene,gskeene1o@ucla.edu,9
62,Joshua,Ruck,jruck1p@istockphoto.com,44
63,West,Huggen,whuggen1q@gmpg.org,
64,Alia,Maund,amaund1r@un.org,90
65,Quint,Wenden,qwenden1s@diigo.com,12
66,Oralia,Attenborrow,oattenborrow1t@youtube.com,10
67,Laurena,Peerless,lpeerless1u@ox.ac.uk,
68,Cindelyn,Bachellier,cbachellier1v@apple.com,54
69,Brittney,Tilburn,btilburn1w@fc2.com,
70,Mandy,Capener,mcapener1x@chronoengine.com,95
71,Cy,Niaves,cniaves1y@storify.com,35
72,Aprilette,Corrison,acorrison1z@rediff.com,
73,Dulcie,Sedworth,dsedworth20@bizjournals.com,
74,Adelina,Dyos,adyos21@zdnet.com,
75,Bartholomeo,Wohlers,bwohlers22@businesswire.com,17
76,Ross,Nayshe,rnayshe23@fotki.com,
77,Boonie,Moreby,bmoreby24@mozilla.org,97
78,Merill,Wordley,mwordley25@youtube.com,5
79,Nick,Allchin,nallchin26@51.la,76
80,Crystie,Weatherby,cweatherby27@furl.net,7
81,Wyatan,Tidey,wtidey28@youtu.be,49
82,Wiatt,Siggers,wsiggers29@java.com,
83,Lucille,Buey,lbuey2a@npr.org,
84,Anetta,Crepel,acrepel2b@usda.gov,69
85,Aubrette,Gimson,agimson2c@joomla.org,79
86,Junia,Fullalove,jfullalove2d@360.cn,87
87,Julee,Coote,jcoote2e@g.co,37
88,Borden,Leborgne,bleborgne2f@go.com,35
89,Dorolisa,Pietrzak,dpietrzak2g@phoca.cz,20
90,Kayla,Batts,kbatts2h@vk.com,86
91,Jammal,Korn,jkorn2i@unc.edu,41
92,Kalle,Gooley,kgooley2j@cdbaby.com,
93,,Murrey,smurrey2k@arizona.edu,3
94,Rossie,Girth,rgirth2l@cyberchimps.com,
95,Sterne,Dolton,sdolton2m@vk.com,27
96,Larina,Scholey,lscholey2n@washington.edu,58
97,Kristen,Mahy,kmahy2o@sciencedirect.com,8
98,Malvina,Bibb,mbibb2p@hc360.com,83
99,Tannie,Pink,tpink2q@furl.net,34
100,Rod,Snoden,rsnoden2r@webeden.co.uk,29
