first_name,last_name,email,age
Gay,Rummer,grummer0@altervista.org,39
Gerry,Galea,ggalea1@surveymonkey.com,7
Sumner,Doutch,sdoutch2@nydailynews.com,91
Alfred,Mennear,amennear3@mayoclinic.com,90
Isaak,Corkitt,icorkitt4@pen.io,
Maria,Ashlin,mashlin5@wikia.com,4
Sacha,Friett,sfriett6@1688.com,53
Carena,Louden,clouden7@indiatimes.com,
Damon,Farden,dfarden8@mediafire.com,18
Saundra,Gaddesby,sgaddesby9@usatoday.com,
,Oldershaw,holdershawa@fastcompany.com,8
,Vear,dvearb@un.org,
,Meaney,mmeaneyc@usa.gov,55
Gregor,Meadus,gmeadusd@discuz.net,43
Catlaina,Christofe,cchristofee@tamu.edu,22
Debi,Nann,dnannf@twitpic.com,82
,Haddrill,ahaddrillg@nyu.edu,35
Roana,Burns,rburnsh@cyberchimps.com,
Gerianna,Hagstone,ghagstonei@yandex.ru,84
Kennan,Wrigglesworth,kwrigglesworthj@taobao.com,97
Hurlee,Blandamere,hblandamerek@delicious.com,70
Jobye,Maidens,jmaidensl@whitehouse.gov,22
Peta,MacConnell,pmacconnellm@cyberchimps.com,
Phillip,McLenahan,pmclenahann@marketwatch.com,74
Desi,Jerrard,djerrardo@parallels.com,
Hermia,Nappin,hnappinp@addtoany.com,
Huntington,Hyslop,hhyslopq@adobe.com,98
Nikolas,Struys,nstruysr@goo.ne.jp,47
Sim,Dunrige,sdunriges@dedecms.com,9
Pandora,Hampshaw,phampshawt@parallels.com,
Tawnya,Heugle,theugleu@cmu.edu,
Neal,Stracey,nstraceyv@oracle.com,84
,Postians,gpostiansw@rediff.com,6
Angel,Flucker,afluckerx@google.co.uk,16
Roslyn,Kohler,rkohlery@google.cn,97
Rachele,Schaben,rschabenz@ow.ly,
Gan,Harmstone,gharmstone10@elegantthemes.com,15
Herculie,Lohrensen,hlohrensen11@canalblog.com,12
Bart,Gammons,bgammons12@ebay.co.uk,28
Suzie,Kyncl,skyncl13@phoca.cz,53
Cristian,Eve,ceve14@nifty.com,13
Jilly,Sapseed,jsapseed15@symantec.com,53
Lilian,Lehrian,llehrian16@slate.com,76
Lorin,Keady,lkeady17@arstechnica.com,11
Kerrill,Leak,kleak18@bing.com,
Wheeler,Mitroshinov,wmitroshinov19@cdc.gov,21
Dall,Bridgstock,dbridgstock1a@dell.com,75
Terry,Troutbeck,ttroutbeck1b@friendfeed.com,93
Anissa,Tague,atague1c@unicef.org,
,Adamek,nadamek1d@paginegialle.it,95
Corliss,Sercombe,csercombe1e@naver.com,
Morgun,Muselli,mmuselli1f@msu.edu,59
Fiorenze,Eliff,feliff1g@berkeley.edu,
Bear,Hallex,bhallex1h@bbb.org,88
Alaine,Frede,afrede1i@google.cn,26
Antonino,Breeze,abreeze1j@nyu.edu,
Tyler,Entissle,tentissle1k@privacy.gov.au,70
Lishe,Bourdice,lbourdice1l@yellowbook.com,39
Elianore,Kleinhaus,ekleinhaus1m@goo.ne.jp,90
Garvy,Harteley,gharteley1n@mapy.cz,96
Tris,Caldecott,tcaldecott1o@google.es,
Ronny,Bayford,rbayford1p@tamu.edu,33
Catlin,Carvilla,ccarvilla1q@washingtonpost.com,48
,Attwill,vattwill1r@blogspot.com,
Teddy,Phinnessy,tphinnessy1s@soup.io,32
Bernadine,Casbon,bcasbon1t@cnet.com,71
Sean,Burstowe,sburstowe1u@creativecommons.org,
Toddy,Ellor,tellor1v@comcast.net,35
Bambie,Coles,bcoles1w@so-net.ne.jp,
Estel,French,efrench1x@samsung.com,
Stillmann,Lunbech,slunbech1y@washington.edu,
Terrie,Erie,terie1z@europa.eu,
Becca,Straun,bstraun20@ezinearticles.com,88
Cornie,Gerbel,cgerbel21@psu.edu,30
Marylynne,Writtle,mwrittle22@mozilla.com,51
Farlay,Dennerly,fdennerly23@ebay.com,18
Karly,Geddis,kgeddis24@earthlink.net,
Fraser,Shone,fshone25@mit.edu,
Nadean,Wallsworth,nwallsworth26@creativecommons.org,
Nicky,Hallifax,nhallifax27@artisteer.com,71
Anissa,Fayerbrother,afayerbrother28@theatlantic.com,34
Sibyl,Petroselli,spetroselli29@eepurl.com,20
,Cureton,jcureton2a@is.gd,
Filberte,D'Ambrosio,fdambrosio2b@homestead.com,95
Brear,Gorringe,bgorringe2c@networkadvertising.org,3
Nissa,Josiah,njosiah2d@squidoo.com,
,Van Arsdalen,avanarsdalen2e@webs.com,91
Vincent,Whysall,vwhysall2f@acquirethisname.com,
Margeaux,Vigne,mvigne2g@psu.edu,84
Ephrayim,McCrachen,emccrachen2h@tinyurl.com,
,McReidy,jmcreidy2i@simplemachines.org,71
Clemens,Marty,cmarty2j@over-blog.com,100
Erik,Baldock,ebaldock2k@mtv.com,88
Lynn,Churchward,lchurchward2l@joomla.org,
Caryn,Manns,cmanns2m@fc2.com,53
Petra,Fenkel,pfenkel2n@guardian.co.uk,75
Gustave,Pim,gpim2o@icq.com,57
Rosabella,Manlow,rmanlow2p@jiathis.com,13
Fairleigh,Gallgher,fgallgher2q@homestead.com,
Dotty,Mc Kellen,dmckellen2r@uiuc.edu,
Joyann,Craft,jcraft2s@list-manage.com,16
Abdel,Milne,amilne2t@imgur.com,17
Jackie,Tandy,jtandy2u@boston.com,
Even,Shales,eshales2v@yolasite.com,
Siffre,Heasly,sheasly2w@mtv.com,
Bern,Comusso,bcomusso2x@bloglovin.com,83
Valentina,Cromly,vcromly2y@irs.gov,66
Cordelia,Tanner,ctanner2z@ehow.com,
Joelly,Hubbocks,jhubbocks30@apple.com,
Cathi,Tackes,ctackes31@fda.gov,100
,Willows,pwillows32@ted.com,
Randal,Belden,rbelden33@infoseek.co.jp,22
Rafa,Broodes,rbroodes34@mail.ru,84
Skyler,Vakhonin,svakhonin35@artisteer.com,52
Gloria,Hawkwood,ghawkwood36@geocities.com,
Cleavland,Frill,cfrill37@clickbank.net,52
Tallie,Schwander,tschwander38@etsy.com,87
Powell,Bindley,pbindley39@ameblo.jp,79
Ham,Inchcomb,hinchcomb3a@mayoclinic.com,85
Garreth,Chatell,gchatell3b@stanford.edu,
Bowie,Carlet,bcarlet3c@amazon.com,
Tremayne,Tungate,ttungate3d@shop-pro.jp,58
Krystle,Dowzell,kdowzell3e@google.cn,30
Sky,Dockreay,sdockreay3f@harvard.edu,
Christin,Calwell,ccalwell3g@addtoany.com,86
Ronny,Easeman,reaseman3h@tumblr.com,33
Anastasia,Rigmond,arigmond3i@oracle.com,
Rowen,Lusher,rlusher3j@cbsnews.com,70
Gar,Bramsom,gbramsom3k@newyorker.com,
,Whisker,hwhisker3l@harvard.edu,
Tomasine,Perfitt,tperfitt3m@pagesperso-orange.fr,78
Kelwin,Christescu,kchristescu3n@businessweek.com,78
Gerianne,Newlove,gnewlove3o@liveinternet.ru,53
Odelinda,Ransome,oransome3p@netscape.com,
Mannie,Pughsley,mpughsley3q@mail.ru,11
Wait,Catterick,wcatterick3r@intel.com,52
Pru,Strotone,pstrotone3s@blinklist.com,
Patrice,Lettice,plettice3t@godaddy.com,
Callida,Trahar,ctrahar3u@usatoday.com,11
Magnum,Miere,mmiere3v@forbes.com,24
Adelle,McQuirk,amcquirk3w@dyndns.org,18
Mart,Jouanet,mjouanet3x@nationalgeographic.com,30
Rycca,Smullen,rsmullen3y@woothemes.com,
Nannie,Heisler,nheisler3z@npr.org,
Reginald,Morey,rmorey40@ameblo.jp,
Dare,Dunnett,ddunnett41@discuz.net,
Mart,Alti,malti42@apache.org,
Gerta,Kilbourn,,69
Kippie,Tipling,ktipling44@vk.com,
Teresa,Mathes,tmathes45@engadget.com,78
Selestina,Wayper,swayper46@youtu.be,44
,Stebbing,hstebbing47@hao123.com,52
Suki,Niemetz,sniemetz48@yahoo.co.jp,27
Niki,Omrod,nomrod49@acquirethisname.com,94
Vincenz,Oatley,voatley4a@craigslist.org,10
Elsworth,Kroch,ekroch4b@archive.org,80
Humfried,Januszkiewicz,hjanuszkiewicz4c@sourceforge.net,31
,Kendrew,ukendrew4d@live.com,20
Maggee,Karpmann,mkarpmann4e@digg.com,30
Roddy,De Castri,rdecastri4f@goodreads.com,92
Ondrea,Downing,odowning4g@chicagotribune.com,94
Ugo,McRory,umcrory4h@studiopress.com,35
Llywellyn,Dunbobbin,ldunbobbin4i@newyorker.com,38
Jacques,De Beauchamp,jdebeauchamp4j@github.io,39
Bell,Scade,bscade4k@hud.gov,93
,Rawlings,irawlings4l@dedecms.com,
Elnora,McGiff,emcgiff4m@wikimedia.org,97
Roxie,Winscomb,rwinscomb4n@upenn.edu,60
Vasilis,Busch,vbusch4o@meetup.com,96
Novelia,Screas,nscreas4p@typepad.com,28
Gwenora,Bircher,gbircher4q@independent.co.uk,74
,Renny,crenny4r@reverbnation.com,36
Baryram,Asaaf,basaaf4s@typepad.com,62
,Hallyburton,ghallyburton4t@theatlantic.com,70
,Poe,fpoe4u@wikia.com,51
Rolf,Wibberley,rwibberley4v@washingtonpost.com,
Shea,Timlin,stimlin4w@pbs.org,90
Inesita,Newband,inewband4x@ucoz.ru,56
,Labbez,nlabbez4y@cnbc.com,
Reta,Randerson,rranderson4z@blogger.com,
Olivier,Benedicte,obenedicte50@constantcontact.com,76
Garrik,Scudder,gscudder51@dailymail.co.uk,
,Jellett,djellett52@samsung.com,91
Faythe,Lampens,flampens53@gmpg.org,
Gail,O'Lagene,golagene54@friendfeed.com,92
Elle,Lyfield,elyfield55@paypal.com,57
,Tait,btait56@liveinternet.ru,58
Irwinn,Good,igood57@gizmodo.com,35
Jada,Nockles,jnockles58@google.nl,
Simonette,Voase,svoase59@w3.org,
Inge,Panons,ipanons5a@vkontakte.ru,53
Sosanna,Wallwork,swallwork5b@homestead.com,43
Fabiano,Youdell,fyoudell5c@geocities.com,28
Garth,Facher,gfacher5d@gravatar.com,
Rick,Antushev,rantushev5e@ibm.com,65
,Klimas,dklimas5f@wordpress.org,16
Valaree,Arney,varney5g@reddit.com,31
Vinnie,Vannucci,vvannucci5h@whitehouse.gov,
Hildagarde,Beslier,hbeslier5i@hubpages.com,
Arty,Castagneto,acastagneto5j@google.pl,1
Britni,Vela,bvela5k@desdev.cn,74
Pauline,Mazonowicz,pmazonowicz5l@bbb.org,19
Nicki,Livingston,nlivingston5m@mozilla.com,25
Ganny,Hughill,ghughill5n@npr.org,97
Brandais,Kielt,bkielt5o@noaa.gov,
Winnie,Capel,wcapel5p@dailymail.co.uk,33
Petra,Rounsivall,prounsivall5q@parallels.com,64
Adah,Corby,acorby5r@washingtonpost.com,100
Dorolisa,Netley,dnetley5s@nhs.uk,38
Rhody,O'Fallon,rofallon5t@surveymonkey.com,80
Clerc,Grain,cgrain5u@domainmarket.com,9
,McRavey,lmcravey5v@marriott.com,61
Essie,Candy,ecandy5w@jimdo.com,12
Willi,Kieff,wkieff5x@ihg.com,
Devina,Penticoot,dpenticoot5y@zdnet.com,58
Joelie,Rameau,jrameau5z@tiny.cc,17
Fionnula,Masters,fmasters60@seesaa.net,
Rey,Cowdrey,rcowdrey61@sohu.com,11
Lesley,Beamont,lbeamont62@columbia.edu,67
Mae,Newey,mnewey63@qq.com,38
Duane,Ferrari,dferrari64@harvard.edu,80
Tam,Juste,tjuste65@hc360.com,9
Marabel,Worsley,mworsley66@webnode.com,19
Gearalt,Hynson,ghynson67@pinterest.com,52
Lorin,Currie,lcurrie68@is.gd,63
Esdras,Roistone,eroistone69@nih.gov,56
Christie,Gillett,cgillett6a@skyrock.com,22
Hobey,Vaissiere,hvaissiere6b@ibm.com,23
Stephanie,Barnwille,sbarnwille6c@weather.com,28
Pierson,Dailey,pdailey6d@weibo.com,
Keriann,Newson,knewson6e@instagram.com,63
Irwin,Praundl,ipraundl6f@usa.gov,
Tiertza,Blanpein,tblanpein6g@opensource.org,
Jorie,Savin,jsavin6h@mtv.com,82
Milzie,Drewitt,,
Bobby,Stainsby,bstainsby6j@va.gov,
Marion,Beever,mbeever6k@microsoft.com,
Iggie,Devitt,idevitt6l@msu.edu,55
Madeline,Yonnie,myonnie6m@feedburner.com,60
Cornell,Blaymires,cblaymires6n@list-manage.com,55
Rosemary,Videneev,rvideneev6o@intel.com,
Consuela,Couche,ccouche6p@godaddy.com,12
Addy,Libbey,alibbey6q@ezinearticles.com,
Teri,Dalziel,tdalziel6r@boston.com,59
Richart,Ginty,rginty6s@parallels.com,
Neile,McAline,nmcaline6t@indiegogo.com,9
Beret,Beelby,bbeelby6u@jalbum.net,
Loleta,Castelyn,lcastelyn6v@cbsnews.com,17
Scott,Minget,sminget6w@wordpress.com,38
Rubina,McGonigle,rmcgonigle6x@123-reg.co.uk,45
,Sandcraft,lsandcraft6y@so-net.ne.jp,13
Malvin,Norridge,mnorridge6z@bbb.org,83
Lorene,Filppetti,lfilppetti70@cdc.gov,
,Storch,,70
Kathi,Sumers,ksumers72@dropbox.com,47
,Toyer,ttoyer73@gmpg.org,69
Mickie,Vesco,mvesco74@arizona.edu,40
Emalee,Hullbrook,ehullbrook75@yellowbook.com,57
Ellette,Kings,ekings76@smugmug.com,
Harvey,Hounsham,hhounsham77@cbc.ca,93
,Palfery,spalfery78@elegantthemes.com,
Rhianon,Grog,,
Nettie,Maffione,nmaffione7a@theguardian.com,
Skye,Freezor,sfreezor7b@ustream.tv,
Farrand,Kermath,fkermath7c@dion.ne.jp,63
Gusti,Twigge,gtwigge7d@bravesites.com,
Rodolfo,Eton,reton7e@msn.com,
Sergeant,Poge,spoge7f@homestead.com,96
Liane,Sinkins,lsinkins7g@sourceforge.net,34
Amalie,Bosket,abosket7h@nps.gov,
Chrissie,Oty,coty7i@geocities.com,81
Marlow,Dominka,mdominka7j@vk.com,16
Corella,Eustanch,ceustanch7k@pagesperso-orange.fr,38
Edd,Whyffen,ewhyffen7l@apache.org,94
Florian,Vaughn,fvaughn7m@webeden.co.uk,
Townie,Arguile,targuile7n@fastcompany.com,28
Rhea,Mycroft,rmycroft7o@ucla.edu,84
Kylen,Cordingly,kcordingly7p@smugmug.com,42
Andras,Arman,aarman7q@loc.gov,
Cathi,Crannell,ccrannell7r@fastcompany.com,
,Grabert,bgrabert7s@mit.edu,
Alfreda,Fley,afley7t@clickbank.net,84
Clarette,Brotherheed,cbrotherheed7u@geocities.jp,
Britney,Shobrook,bshobrook7v@goo.ne.jp,91
Curcio,Swetenham,cswetenham7w@typepad.com,32
Melita,Eakins,meakins7x@dell.com,49
Elfie,Astridge,eastridge7y@wikia.com,70
Sarajane,Munt,smunt7z@hatena.ne.jp,
Francyne,Bratley,fbratley80@fastcompany.com,3
Tani,Lockery,tlockery81@mozilla.com,45
Goober,Sprey,gsprey82@msu.edu,
Josephina,Loudian,jloudian83@tmall.com,66
Brita,Gorwood,bgorwood84@microsoft.com,46
Eldin,Cay,ecay85@columbia.edu,67
Sally,Mitie,smitie86@google.co.uk,
Simonne,Evens,sevens87@moonfruit.com,31
Ardra,de Banke,adebanke88@toplist.cz,
Adolf,O'Heffernan,aoheffernan89@dailymail.co.uk,
Hazel,Andreas,handreas8a@omniture.com,78
Omar,Carhart,ocarhart8b@yahoo.co.jp,52
Rosamund,Koomar,rkoomar8c@sina.com.cn,95
Gayla,Halkyard,ghalkyard8d@rediff.com,4
Row,Sporgeon,rsporgeon8e@amazonaws.com,
Lelia,Jennrich,ljennrich8f@twitpic.com,
Suzanna,Duggan,sduggan8g@reference.com,48
,Guiett,tguiett8h@intel.com,39
Theodore,Heffron,theffron8i@vk.com,16
,Radborn,mradborn8j@wikia.com,80
Isaak,Boken,iboken8k@comcast.net,46
Rianon,Rittmeier,rrittmeier8l@gmpg.org,14
,Roony,froony8m@miibeian.gov.cn,44
Marcile,Dumberrill,mdumberrill8n@mapy.cz,
Anya,Engeham,aengeham8o@ovh.net,93
Bjorn,Grubbe,bgrubbe8p@psu.edu,18
Jennifer,McCambrois,jmccambrois8q@techcrunch.com,62
Etti,Ramsdell,eramsdell8r@e-recht24.de,
Reba,Colliver,rcolliver8s@sohu.com,63
Kynthia,Roskilly,kroskilly8t@loc.gov,
Flori,Grattan,fgrattan8u@buzzfeed.com,67
Steffane,Gallatly,sgallatly8v@gnu.org,48
Brenn,Novello,bnovello8w@unc.edu,89
Phyllys,McGill,pmcgill8x@wiley.com,
Pamela,Iiannone,piiannone8y@wordpress.com,
Sayres,Knoton,sknoton8z@myspace.com,38
Cathi,Gilbank,cgilbank90@goo.gl,
Tedi,Hlavecek,thlavecek91@scribd.com,30
Robers,Ioannidis,rioannidis92@guardian.co.uk,100
Carla,Rablan,crablan93@google.ru,
Prescott,Towsey,ptowsey94@wikia.com,17
Janeta,Swancock,jswancock95@dropbox.com,
Arnaldo,Gaskin,agaskin96@fotki.com,
Hervey,Davidovici,hdavidovici97@technorati.com,
Genny,Bonevant,gbonevant98@cnn.com,58
Igor,Borgars,iborgars99@wired.com,
Kaycee,Adie,kadie9a@moonfruit.com,
Otto,Cone,ocone9b@hibu.com,30
Hillard,Gowdridge,hgowdridge9c@theglobeandmail.com,
,Borrie,eborrie9d@engadget.com,62
Lynette,Woolham,lwoolham9e@sakura.ne.jp,
Rosetta,Sheerin,,
Stace,Dows,sdows9g@google.it,71
Sheila,Farrens,sfarrens9h@cyberchimps.com,1
Brooks,Abbiss,babbiss9i@elpais.com,82
Lowe,Claire,lclaire9j@discovery.com,54
,Galer,jgaler9k@odnoklassniki.ru,67
Ella,Creagh,,56
Evangeline,McRonald,emcronald9m@loc.gov,
Darrel,Bastie,dbastie9n@mozilla.org,27
Georgianne,Bassilashvili,gbassilashvili9o@youtu.be,15
Claudian,Swallow,cswallow9p@irs.gov,24
Corinne,Hallad,challad9q@techcrunch.com,
Base,Berzen,bberzen9r@github.io,
Pedro,Pilipets,ppilipets9s@myspace.com,14
Dionysus,MacDiarmid,dmacdiarmid9t@pinterest.com,40
Kingsley,Deare,kdeare9u@google.fr,61
Derek,Larkcum,dlarkcum9v@netscape.com,56
Francesca,Spatig,fspatig9w@washington.edu,
Blayne,Tourner,btourner9x@cpanel.net,32
Adele,Demicoli,ademicoli9y@si.edu,59
Thibaud,Peealess,tpeealess9z@ustream.tv,13
Hanson,Anstie,hanstiea0@storify.com,56
Moll,Clemente,mclementea1@bbc.co.uk,
Dotti,Crossland,dcrosslanda2@cdbaby.com,
Britta,Antoniou,bantonioua3@miibeian.gov.cn,75
Bernadene,Levesque,blevesquea4@tinyurl.com,9
Jeromy,Birdfield,jbirdfielda5@canalblog.com,
Ralf,Haslin,rhaslina6@yelp.com,
Jami,Tumpane,jtumpanea7@chicagotribune.com,23
Ugo,Girardetti,ugirardettia8@hatena.ne.jp,99
Sheila,Reddan,sreddana9@tumblr.com,56
Leonie,Lakeman,llakemanaa@java.com,24
,Deekes,edeekesab@scribd.com,70
Averill,Drinan,adrinanac@phoca.cz,
Babbette,Rubinsky,brubinskyad@apple.com,
Guillaume,Kelland,gkellandae@diigo.com,51
Madella,Rolfe,mrolfeaf@wikia.com,88
Eveleen,Ripley,eripleyag@adobe.com,
Devon,MacNeilage,dmacneilageah@over-blog.com,28
Ellary,Lechelle,elechelleai@bing.com,
Blanche,Botting,bbottingaj@hostgator.com,6
Aleda,Clemencet,aclemencetak@shareasale.com,85
Arlyne,Alyokhin,aalyokhinal@skype.com,
Georgia,Gorsse,ggorsseam@forbes.com,93
Viole,Ginity,vginityan@wikimedia.org,94
Thadeus,Djekovic,tdjekovicao@marriott.com,51
Andrus,Lambal,alambalap@pen.io,40
Bronny,Bance,bbanceaq@mail.ru,5
Barnett,Farney,bfarneyar@mysql.com,23
Hildagarde,Stammers,hstammersas@youtube.com,35
Fawne,Dallander,fdallanderat@time.com,84
Kelley,Grinnell,kgrinnellau@etsy.com,79
Yelena,Shurrocks,yshurrocksav@cbslocal.com,22
Willette,Klimentyonok,wklimentyonokaw@google.es,84
,Raffles,irafflesax@ifeng.com,68
Nadeen,Tripon,ntriponay@blogspot.com,
Mikaela,Brayshay,mbrayshayaz@squidoo.com,17
Dorry,Houdmont,dhoudmontb0@squidoo.com,7
Lee,Schmuhl,lschmuhlb1@webnode.com,
Chrissy,Kirkbright,ckirkbrightb2@furl.net,
Buddy,Flude,bfludeb3@hatena.ne.jp,29
Felice,Lyptrit,flyptritb4@washington.edu,
Lenore,Chivrall,lchivrallb5@hc360.com,50
Karlotta,Blasl,kblaslb6@facebook.com,
Linnet,Langham,llanghamb7@newyorker.com,
Tucky,Code,tcodeb8@google.nl,95
Nicole,Playfair,nplayfairb9@irs.gov,50
Darb,Finden,dfindenba@instagram.com,72
Renata,Matijasevic,rmatijasevicbb@blog.com,
Juliann,Priter,jpriterbc@hatena.ne.jp,
Bridget,Howchin,bhowchinbd@blinklist.com,
,Test,ntestbe@digg.com,5
Sven,Fernandes,sfernandesbf@lycos.com,
Chaddy,Fisher,cfisherbg@globo.com,67
Kirstyn,Fawltey,kfawlteybh@auda.org.au,41
Sampson,Farlane,sfarlanebi@paypal.com,73
Kimberlee,Kubacki,kkubackibj@stumbleupon.com,92
Rustin,Codrington,rcodringtonbk@jimdo.com,76
Maryl,Burrow,mburrowbl@opensource.org,6
Marchelle,Sellen,msellenbm@hubpages.com,
Brad,Barg,bbargbn@dagondesign.com,43
,Bonn,cbonnbo@indiegogo.com,39
Irina,Boothebie,iboothebiebp@yahoo.co.jp,22
Fernanda,Millwall,fmillwallbq@last.fm,75
Betsy,Old,boldbr@shutterfly.com,50
Hamlen,Lemon,hlemonbs@ucla.edu,37
Donavon,Cheale,dchealebt@ehow.com,
Isa,Scoggin,iscogginbu@vkontakte.ru,18
Greer,Lissandre,glissandrebv@issuu.com,
,Hankey,ahankeybw@ucoz.ru,58
Cobb,Prott,cprottbx@ed.gov,37
Morissa,Sweetenham,,21
Dorothy,Onians,doniansbz@blog.com,8
Jacky,Vigours,,22
Carline,Maskew,cmaskewc1@youku.com,77
Miriam,Bruun,mbruunc2@miitbeian.gov.cn,
Talya,Mackin,tmackinc3@ca.gov,
Isobel,Georgeon,igeorgeonc4@spiegel.de,7
Sherm,Benedettini,sbenedettinic5@simplemachines.org,1
Fabian,Ruske,fruskec6@networksolutions.com,76
Sibella,Gladeche,sgladechec7@seesaa.net,
Malory,Ferrelli,mferrellic8@edublogs.org,99
Charyl,Francie,cfranciec9@umich.edu,8
Griselda,Bromidge,gbromidgeca@nationalgeographic.com,99
,Rabbage,erabbagecb@cam.ac.uk,72
Seka,Pettigrew,spettigrewcc@de.vu,
Willie,Kyd,wkydcd@pagesperso-orange.fr,
Nessie,Hartill,nhartillce@nsw.gov.au,
Robinet,Burgum,rburgumcf@epa.gov,88
Rad,Wragg,rwraggcg@ovh.net,69
Pietra,Adamov,padamovch@dmoz.org,66
Alexandre,O'Mailey,aomaileyci@hhs.gov,7
,Marian,kmariancj@rakuten.co.jp,38
Xylia,Hansill,xhansillck@blogger.com,
Nonah,Lohering,nloheringcl@sciencedirect.com,25
Yoko,Le Galle,ylegallecm@techcrunch.com,
Novelia,Werrit,nwerritcn@chronoengine.com,78
Roland,Yakovlev,ryakovlevco@github.io,
Sarina,Orford,sorfordcp@seattletimes.com,9
Ethelind,Kerrigan,ekerrigancq@tumblr.com,92
,Milthorpe,dmilthorpecr@springer.com,
Booth,Bleasby,bbleasbycs@arstechnica.com,56
Cissy,Milton-White,cmiltonwhitect@noaa.gov,
Rorke,Bim,rbimcu@sogou.com,1
Jemmy,Selley,jselleycv@arizona.edu,90
Angelica,Mart,amartcw@guardian.co.uk,40
Storm,Dickons,sdickonscx@paypal.com,97
Elyse,Di Domenico,edidomenicocy@pagesperso-orange.fr,6
Fletcher,Jeanel,fjeanelcz@webnode.com,77
,Spridgen,gspridgend0@ucla.edu,
Eduardo,Rodrigues,erodriguesd1@tinypic.com,92
Rainer,Simmon,rsimmond2@miitbeian.gov.cn,28
,Bault,mbaultd3@smh.com.au,78
,O' Mullane,comullaned4@gravatar.com,
Kevina,Beattie,kbeattied5@facebook.com,11
Nadeen,Nobles,nnoblesd6@opera.com,37
Terrence,Bees,tbeesd7@typepad.com,41
,Ben,ebend8@wikipedia.org,85
Ninette,Gomme,ngommed9@eventbrite.com,63
Hamlin,Batchelar,hbatchelarda@nba.com,
,Elies,eeliesdb@nydailynews.com,47
Doria,Brass,dbrassdc@desdev.cn,69
Doralynne,Bexon,dbexondd@globo.com,90
Alain,Muino,amuinode@symantec.com,71
Beverly,Andriessen,bandriessendf@furl.net,18
Latrina,Staddon,lstaddondg@deliciousdays.com,100
Celinka,Beirne,cbeirnedh@businessweek.com,
Darrin,Chelam,dchelamdi@ebay.com,
Sherm,Vitall,svitalldj@istockphoto.com,62
Franchot,Russel,frusseldk@vk.com,57
Wynn,Rykert,wrykertdl@google.com.au,60
Danyelle,Date,ddatedm@myspace.com,34
Rodrick,Gartland,rgartlanddn@gnu.org,56
Bordy,Balaizot,bbalaizotdo@typepad.com,52
Brandi,Tolworthy,btolworthydp@cbc.ca,91
Quinta,Keynd,qkeynddq@hhs.gov,
Rozele,Beardmore,,24
Misha,Pelosi,mpelosids@sbwire.com,62
Darcey,Brealey,dbrealeydt@census.gov,71
Cull,Gussin,cgussindu@npr.org,61
Lesli,Readshall,lreadshalldv@yelp.com,
,Jeannaud,gjeannauddw@ft.com,
Jacki,Bilt,jbiltdx@fc2.com,
Asa,Gallimore,agallimoredy@skyrock.com,53
Pierre,Preon,ppreondz@seattletimes.com,6
Conny,Gibbens,cgibbense0@cargocollective.com,
Loella,Blodgett,lblodgette1@ehow.com,90
Kai,Kunath,kkunathe2@pinterest.com,64
Kilian,Skitch,kskitche3@noaa.gov,
Darsey,Domm,ddomme4@freewebs.com,9
Gard,Trangmar,gtrangmare5@ucla.edu,81
Violet,Pashba,vpashbae6@wired.com,86
Serge,Claire,sclairee7@nyu.edu,3
Nikolaos,Adamczewski,nadamczewskie8@usa.gov,35
,Welton,tweltone9@mapy.cz,6
Maureen,Flahive,mflahiveea@goo.gl,74
Pincus,Tift,ptifteb@earthlink.net,
Bronny,Laverack,blaverackec@reverbnation.com,89
Cherianne,Caddick,ccaddicked@i2i.jp,
Dale,Joanaud,djoanaudee@pcworld.com,19
Kipper,Spencer,kspenceref@pcworld.com,7
Elsy,Castanie,ecastanieeg@theglobeandmail.com,
Demott,Eastgate,deastgateeh@usa.gov,67
Hayward,Skottle,hskottleei@liveinternet.ru,98
Sashenka,Opie,sopieej@bloglines.com,3
Obadiah,Surphliss,osurphlissek@nih.gov,95
,Sukbhans,ysukbhansel@toplist.cz,
Joey,Whiteoak,jwhiteoakem@nba.com,
Susi,Sibbit,ssibbiten@sohu.com,9
Sibbie,Belden,sbeldeneo@virginia.edu,26
Karlotta,Ferrarotti,kferrarottiep@forbes.com,
Virgina,Outerbridge,vouterbridgeeq@freewebs.com,
Reggie,Granleese,rgranleeseer@webeden.co.uk,61
Lorenzo,McNern,lmcnernes@omniture.com,10
Gonzales,Whiteland,gwhitelandet@oaic.gov.au,24
Sibylle,Daily,sdailyeu@addthis.com,65
Pammy,Scarce,pscarceev@hubpages.com,
Mehetabel,Simond,msimondew@digg.com,65
Rubie,Pidler,rpidlerex@jimdo.com,
,Jados,,30
Yankee,Malek,ymalekez@newsvine.com,10
Dannye,Scarsbrooke,dscarsbrookef0@wix.com,60
Galen,Boness,gbonessf1@chron.com,32
Paolo,Van der Merwe,pvandermerwef2@about.me,47
Annmarie,Nornasell,anornasellf3@macromedia.com,80
Teddy,Godehard.sf,tgodehardsff4@skype.com,91
Uriel,Lippiello,ulippiellof5@wordpress.org,
Starr,Dellatorre,sdellatorref6@e-recht24.de,41
Giacinta,Dudenie,gdudenief7@reddit.com,
Annabel,McNickle,amcnicklef8@xinhuanet.com,66
Giacopo,Kilpin,gkilpinf9@hexun.com,22
Hyacinthia,Dodwell,hdodwellfa@opera.com,12
Omar,Filipovic,ofilipovicfb@home.pl,69
Ricki,Crozier,rcrozierfc@ca.gov,17
Glynda,Gunthorp,ggunthorpfd@dropbox.com,98
Ariella,Catenot,acatenotfe@paginegialle.it,
Kerwin,Hegarty,khegartyff@sitemeter.com,
Benjy,Godsil,bgodsilfg@examiner.com,61
Donella,Romans,dromansfh@nationalgeographic.com,83
Valentijn,Ettridge,vettridgefi@yolasite.com,
Zebadiah,Shadrach,zshadrachfj@goodreads.com,
Margo,Salmen,msalmenfk@jalbum.net,91
Cordi,Folshom,cfolshomfl@lulu.com,44
,Arton,vartonfm@wisc.edu,
Vita,MacBrearty,vmacbreartyfn@marriott.com,
Tades,McElrath,tmcelrathfo@about.me,70
Leopold,Harrowing,lharrowingfp@icio.us,35
Gabi,Tant,gtantfq@latimes.com,55
Lodovico,Robroe,lrobroefr@umn.edu,13
Ferne,Cleyne,fcleynefs@mysql.com,67
Alexei,MacCard,amaccardft@google.es,98
Goldy,Hembrow,ghembrowfu@dedecms.com,81
Rey,Size,rsizefv@about.me,
Giraud,Clarae,gclaraefw@princeton.edu,99
Lorette,Gorler,lgorlerfx@businesswire.com,96
Tamar,Grinnell,tgrinnellfy@unicef.org,48
,Gile,ngilefz@ox.ac.uk,17
Noam,Wallach,nwallachg0@pagesperso-orange.fr,83
Helyn,Flanigan,hflanigang1@java.com,27
Madelina,Draysay,mdraysayg2@dion.ne.jp,
,Uzielli,suziellig3@amazon.co.jp,85
Florida,Schult,fschultg4@cam.ac.uk,
Fianna,McCathie,fmccathieg5@google.co.jp,24
Gayla,Degli Antoni,gdegliantonig6@is.gd,
,Keizman,akeizmang7@webs.com,96
Moina,Kentwell,mkentwellg8@unc.edu,91
Jean,Domenichelli,jdomenichellig9@theglobeandmail.com,87
Margaretha,Arguile,marguilega@t-online.de,
Toni,Kaasman,tkaasmangb@dropbox.com,
Caro,Button,cbuttongc@google.com,83
Seth,Matuszinski,smatuszinskigd@trellian.com,11
Milzie,Hurst,mhurstge@ibm.com,12
Kalle,Licciardo,klicciardogf@goo.ne.jp,
Chelsie,Lindeboom,clindeboomgg@stanford.edu,
Edmund,Richardes,erichardesgh@paginegialle.it,53
,Mogenot,amogenotgi@nytimes.com,
Manon,Parell,mparellgj@dailymail.co.uk,81
Pamela,Marzella,pmarzellagk@lycos.com,54
,Tyrer,ptyrergl@prlog.org,35
,Manuel,bmanuelgm@tmall.com,81
Cyrille,Dykas,cdykasgn@domainmarket.com,
Jyoti,Branford,jbranfordgo@adobe.com,
Jeanne,Broadberry,jbroadberrygp@bloomberg.com,94
Alexa,Paradin,aparadingq@dedecms.com,81
Laina,Diviney,ldivineygr@gravatar.com,
Benny,Kaasman,bkaasmangs@myspace.com,
Gaultiero,Kearsley,gkearsleygt@tinypic.com,
Olivette,Surgenor,osurgenorgu@pagesperso-orange.fr,
Egon,Bourchier,ebourchiergv@dion.ne.jp,48
Averil,Layman,alaymangw@typepad.com,77
Ceil,Jakeman,cjakemangx@reddit.com,60
Kissiah,Oxenham,koxenhamgy@amazon.com,29
Phillis,Scare,pscaregz@cam.ac.uk,96
Cesya,Breit,cbreith0@mediafire.com,
,Stapels,kstapelsh1@google.co.jp,
Jojo,Hackin,jhackinh2@wikispaces.com,55
Elden,Deaville,edeavilleh3@marriott.com,6
,Legate,jlegateh4@dagondesign.com,28
Jess,Burke,jburkeh5@foxnews.com,74
Marlene,Pullin,mpullinh6@seattletimes.com,71
Gawain,Banes,gbanesh7@dyndns.org,3
Monroe,Bleazard,mbleazardh8@japanpost.jp,79
Odo,Portriss,oportrissh9@nytimes.com,
Olly,Foulcher,ofoulcherha@angelfire.com,
,Lennox,olennoxhb@statcounter.com,
Gerda,Tapply,gtapplyhc@mozilla.org,48
Yankee,Quakley,yquakleyhd@merriam-webster.com,47
Garold,Finnis,,84
Humfrid,Sheirlaw,hsheirlawhf@qq.com,
Jereme,McEntegart,jmcentegarthg@usa.gov,43
Bevon,Undrill,bundrillhh@biblegateway.com,
Ainslee,Soots,asootshi@miitbeian.gov.cn,55
Sela,Cashmore,scashmorehj@bravesites.com,
Arnie,Handrok,ahandrokhk@bbb.org,74
,Gayden,dgaydenhl@flickr.com,
,Konig,nkonighm@sun.com,
Barrie,Laughlin,blaughlinhn@ifeng.com,74
,Iwaszkiewicz,ciwaszkiewiczho@nba.com,54
Nero,Mapston,nmapstonhp@businessweek.com,8
Norman,Lamberteschi,nlamberteschihq@berkeley.edu,51
,Whittles,hwhittleshr@ezinearticles.com,46
Tracey,Platt,,38
Patti,Limrick,plimrickht@netlog.com,20
,Brithman,mbrithmanhu@google.it,51
Lara,Stelle,lstellehv@xrea.com,80
Iris,Abramcik,iabramcikhw@nytimes.com,6
Cammi,Gooda,cgoodahx@slate.com,
Pavla,Longfut,plongfuthy@woothemes.com,
Roshelle,Coleshill,rcoleshillhz@youtube.com,
Elinore,Waters,ewatersi0@xing.com,92
Isabelita,Dilgarno,idilgarnoi1@wsj.com,37
Port,Housegoe,phousegoei2@lycos.com,
Candra,Jeannequin,cjeannequini3@nationalgeographic.com,6
Leeland,Hans,lhansi4@live.com,43
Lilas,Mowatt,lmowatti5@meetup.com,13
Letitia,Dorgan,ldorgani6@gnu.org,15
Arman,McFadin,amcfadini7@theglobeandmail.com,82
Dulce,Dottridge,ddottridgei8@msn.com,
Maddy,McFadyen,mmcfadyeni9@nasa.gov,69
Cindie,Adrian,cadriania@army.mil,27
Ben,Sargeant,bsargeantib@ifeng.com,26
Jennette,holmes,jholmesic@jimdo.com,
Gaylene,Husselbee,ghusselbeeid@cdbaby.com,4
,Rasor,crasorie@fotki.com,9
Cointon,Davis,cdavisif@themeforest.net,21
Matti,Belf,,
Aubert,Nand,anandih@usda.gov,
Oriana,Shawdforth,oshawdforthii@shinystat.com,
Briana,Moizer,bmoizerij@meetup.com,40
Barthel,Storch,bstorchik@51.la,
,Parsonson,eparsonsonil@unblog.fr,12
Janaye,Coghlan,jcoghlanim@arstechnica.com,72
Clarance,Mennell,cmennellin@cargocollective.com,9
Lorin,Broome,lbroomeio@myspace.com,90
,Acors,pacorsip@google.es,21
Had,Dyble,hdybleiq@goodreads.com,33
Claire,Klemmt,cklemmtir@google.it,
Leland,Floyed,lfloyedis@blog.com,78
Agnola,Ilyinski,ailyinskiit@twitter.com,95
Denni,Bynold,dbynoldiu@state.tx.us,
Tara,Geelan,tgeelaniv@wufoo.com,68
Yancey,Lefeaver,ylefeaveriw@skyrock.com,42
Amalea,Wilmore,awilmoreix@ucoz.ru,19
Flo,Vogl,fvogliy@meetup.com,100
Barton,Ramalhete,bramalheteiz@ehow.com,14
Isidore,Whereat,iwhereatj0@bing.com,
Bee,Chave,bchavej1@behance.net,29
Park,Harford,pharfordj2@amazon.co.uk,
Syman,Azema,sazemaj3@typepad.com,
Starla,Shrieves,sshrievesj4@cnn.com,67
Kendell,Sinnatt,ksinnattj5@jiathis.com,89
Debby,Carvill,dcarvillj6@unc.edu,77
Jarrid,Whittles,jwhittlesj7@sciencedaily.com,100
Davey,Grumell,dgrumellj8@instagram.com,66
Glendon,Rookwell,grookwellj9@tiny.cc,95
Carolin,Maybery,cmayberyja@netscape.com,23
Marwin,Pleaden,,
Stormi,Sondland,ssondlandjc@desdev.cn,86
Ameline,Essex,aessexjd@over-blog.com,65
Trefor,Easey,teaseyje@wired.com,
Janine,Bellie,jbelliejf@oakley.com,38
Annabella,Koba,akobajg@cam.ac.uk,96
Towny,Bolver,tbolverjh@feedburner.com,
Elna,Madgwich,emadgwichji@trellian.com,29
Jaquelin,Skipperbottom,jskipperbottomjj@google.ca,
Heddi,Huckstepp,hhucksteppjk@simplemachines.org,5
Valli,Bartolijn,vbartolijnjl@nature.com,49
Lonny,Yarnall,lyarnalljm@engadget.com,
Marysa,Cello,mcellojn@microsoft.com,
Hatti,Burbidge,hburbidgejo@washingtonpost.com,74
Raquel,Friday,rfridayjp@youtu.be,43
Kala,Hynam,khynamjq@wikia.com,60
Eadmund,Easby,eeasbyjr@youtube.com,13
,Bottrill,hbottrilljs@histats.com,16
Sansone,Nattrass,snattrassjt@miitbeian.gov.cn,50
Moria,Boldry,mboldryju@blog.com,100
Matti,Rannigan,mranniganjv@theglobeandmail.com,
Sax,Stealfox,sstealfoxjw@friendfeed.com,
Alexis,Cabrer,acabrerjx@mysql.com,81
Mechelle,Puddan,mpuddanjy@trellian.com,
Wendel,Panting,wpantingjz@geocities.jp,53
Kalinda,Iacobacci,,
Faustina,Overy,foveryk1@instagram.com,
Brandon,Monroe,bmonroek2@psu.edu,9
,Squibbs,csquibbsk3@ovh.net,
Martin,Faucett,mfaucettk4@statcounter.com,87
Kendricks,Brindle,kbrindlek5@cargocollective.com,
Lorrayne,Lawdham,llawdhamk6@wix.com,21
Othilia,Putten,oputtenk7@nhs.uk,
Yolane,Kordova,ykordovak8@webeden.co.uk,43
Ian,Medlen,imedlenk9@amazon.co.uk,
,Yakovich,eyakovichka@bluehost.com,
Melissa,Burgot,mburgotkb@miibeian.gov.cn,37
Drucill,Gunney,dgunneykc@networksolutions.com,10
Hestia,Ibotson,hibotsonkd@washingtonpost.com,95
,Stobie,istobieke@weibo.com,68
Mattie,Stockey,mstockeykf@issuu.com,96
Marigold,Klimentyonok,mklimentyonokkg@furl.net,
,Bridat,hbridatkh@wordpress.com,
Albina,Finnes,afinneski@com.com,55
De witt,Wildsmith,dwildsmithkj@myspace.com,15
Catharine,Wilde,cwildekk@redcross.org,77
Sibella,Alven,salvenkl@google.co.jp,
Eduardo,Tremellier,etremellierkm@usnews.com,
Joelie,Cuttler,jcuttlerkn@pinterest.com,96
,Nellies,knelliesko@feedburner.com,61
Sileas,Domerq,sdomerqkp@bing.com,23
,Dykins,jdykinskq@blogspot.com,76
Jonathan,Cantero,jcanterokr@spotify.com,31
Bernardo,Simmonite,bsimmoniteks@ted.com,4
Stephanus,Dewes,sdeweskt@blogger.com,
Brittany,Skune,bskuneku@shareasale.com,29
Archie,Bleazard,ableazardkv@ucsd.edu,23
Finn,Yoskowitz,fyoskowitzkw@adobe.com,68
Ferdy,Girvin,fgirvinkx@jugem.jp,
Jeanna,Dockwray,jdockwrayky@utexas.edu,81
,Mosey,fmoseykz@wikipedia.org,2
Matilda,Jouannot,mjouannotl0@auda.org.au,
Foss,Capon,fcaponl1@chron.com,84
Colin,McLaren,cmclarenl2@wikispaces.com,
,Ingreda,ringredal3@is.gd,
Johnette,Coy,jcoyl4@skyrock.com,
Forester,Maiden,fmaidenl5@japanpost.jp,10
Dian,Budgeon,dbudgeonl6@alexa.com,47
Julietta,Faraker,jfarakerl7@yahoo.co.jp,88
Margalit,Brooksbank,mbrooksbankl8@php.net,36
Georgy,Hookes,ghookesl9@last.fm,59
Revkah,Basili,rbasilila@jalbum.net,
Earl,Cassells,ecassellslb@hexun.com,40
Beverley,Gibard,bgibardlc@salon.com,71
Randee,Nertney,rnertneyld@mac.com,49
Welbie,Starling,wstarlingle@addthis.com,
Merwyn,Lindblom,mlindblomlf@dailymotion.com,
Reagan,Rymer,rrymerlg@mac.com,51
Leroi,Nias,lniaslh@forbes.com,48
Nigel,Howison,nhowisonli@drupal.org,92
Mandel,Winchurst,mwinchurstlj@wsj.com,24
Michaella,Longhi,mlonghilk@si.edu,
Edik,Doran,edoranll@last.fm,
Misti,Balling,mballinglm@domainmarket.com,
Chandra,Canland,ccanlandln@opera.com,
Benson,Pastor,bpastorlo@joomla.org,54
Ellyn,Rosa,erosalp@skyrock.com,27
Lucian,Rushsorth,lrushsorthlq@free.fr,
Gage,Ertel,gertellr@smugmug.com,44
Rani,DeSousa,rdesousals@ibm.com,34
Lil,Crome,lcromelt@mail.ru,
Maison,Scarr,mscarrlu@newsvine.com,53
Marisa,Pressey,mpresseylv@loc.gov,68
,Ferrand,sferrandlw@google.com.hk,81
Kandace,Spillett,kspillettlx@topsy.com,20
Alicia,Leeburne,aleeburnely@prlog.org,
Miller,McGorley,mmcgorleylz@mlb.com,59
Corene,Esson,cessonm0@cocolog-nifty.com,69
Meade,Sexty,msextym1@51.la,13
Bondon,Boagey,bboageym2@sourceforge.net,83
Channa,Croshaw,ccroshawm3@deviantart.com,83
Jammie,McAster,jmcasterm4@issuu.com,61
Harrietta,Ivanin,hivaninm5@smh.com.au,8
Farrell,Rydeard,frydeardm6@nature.com,
Corrinne,Godspede,cgodspedem7@earthlink.net,16
Nathanil,Varndall,nvarndallm8@canalblog.com,44
Giustino,Bengefield,,87
Sena,Niaves,sniavesma@cornell.edu,11
Giorgi,Mcsarry,gmcsarrymb@squarespace.com,31
Bride,McCorley,bmccorleymc@bbb.org,89
Arnie,Bellhouse,abellhousemd@cargocollective.com,91
Arden,Duncan,aduncanme@npr.org,
Inglis,Dinsdale,idinsdalemf@boston.com,44
Vernen,Ransfield,vransfieldmg@goodreads.com,63
Onfroi,Hanley,ohanleymh@globo.com,
Jonah,Enrico,jenricomi@digg.com,46
Eve,Albisser,ealbissermj@de.vu,61
Janessa,Pinfold,jpinfoldmk@uiuc.edu,
Esther,Tocher,etocherml@latimes.com,20
Valeria,Popplewell,vpopplewellmm@soup.io,
Donnie,Gery,dgerymn@geocities.com,
,Rawet,srawetmo@shop-pro.jp,35
Wendel,Knowles,wknowlesmp@free.fr,
Noe,Bexon,nbexonmq@topsy.com,
Merle,Gomersall,mgomersallmr@princeton.edu,
,Pilbury,gpilburyms@goo.gl,20
Krystal,Pidgen,,
Aimee,Elves,aelvesmu@apache.org,
Dwight,Doak,ddoakmv@princeton.edu,69
Harli,Sivills,,67
Cherri,Eldredge,celdredgemx@pen.io,89
Chad,Hartzenberg,,
Talya,Danihel,tdanihelmz@networksolutions.com,
Catie,Connerry,cconnerryn0@elpais.com,72
Natalina,Felmingham,nfelminghamn1@un.org,56
,Treadway,dtreadwayn2@sourceforge.net,
Rik,Aland,ralandn3@moonfruit.com,77
Kaitlyn,Cuzen,kcuzenn4@eepurl.com,57
Esme,Gilfillan,egilfillann5@utexas.edu,96
Clyde,Le feaver,clefeavern6@mtv.com,99
Tresa,Petrolli,tpetrollin7@eventbrite.com,84
Orson,Oxton,ooxtonn8@so-net.ne.jp,82
Stanislaus,Woliter,swolitern9@networksolutions.com,92
Rodolfo,Yakutin,ryakutinna@nsw.gov.au,4
Mattheus,Guilliland,mguillilandnb@ftc.gov,
Galina,McPeck,gmcpecknc@pbs.org,55
Sawyer,von Nassau,svonnassaund@admin.ch,90
Donnajean,Prenty,dprentyne@hatena.ne.jp,20
Gillan,D'Ambrosio,gdambrosionf@goo.gl,
Roxy,Grosvener,rgrosvenerng@amazonaws.com,70
Delainey,Cuthbert,dcuthbertnh@ow.ly,9
Cliff,MacGillacolm,cmacgillacolmni@irs.gov,58
Larisa,Wigfall,lwigfallnj@rambler.ru,
Christa,McRobb,cmcrobbnk@admin.ch,53
,Lidbetter,alidbetternl@ycombinator.com,54
Curcio,Hedde,cheddenm@blogtalkradio.com,
Jilly,Soigoux,jsoigouxnn@va.gov,12
,Youings,ryouingsno@wikipedia.org,
,Luttgert,kluttgertnp@fc2.com,
Ellynn,Koppke,ekoppkenq@alexa.com,93
Elysee,Gosnell,egosnellnr@bigcartel.com,32
Tessy,Eames,teamesns@sourceforge.net,20
Keenan,Gowrich,kgowrichnt@t-online.de,35
Blair,Jahnel,bjahnelnu@admin.ch,
Batsheva,Alderton,baldertonnv@behance.net,28
Stacie,Feares,sfearesnw@seattletimes.com,3
Wally,Downs,wdownsnx@tmall.com,38
Lemuel,Benettelli,lbenettelliny@themeforest.net,45
Jessee,Flecknoe,jflecknoenz@ted.com,9
Corey,Scargle,cscargleo0@biglobe.ne.jp,
Alanson,Elldred,aelldredo1@bing.com,
Leland,Chrichton,lchrichtono2@nytimes.com,
Midge,Capstack,mcapstacko3@freewebs.com,
Ursala,Lilliman,ulillimano4@utexas.edu,70
Anton,Beldom,abeldomo5@reverbnation.com,
Lynnet,Remon,lremono6@columbia.edu,73
Carmel,Keems,ckeemso7@utexas.edu,
Kari,Bohlje,kbohljeo8@illinois.edu,74
Dusty,Southworth,dsouthwortho9@moonfruit.com,59
Grissel,Gumey,ggumeyoa@wunderground.com,
Warden,Storry,wstorryob@surveymonkey.com,8
Judy,Knewstub,jknewstuboc@aol.com,60
Cathlene,Osbourn,cosbournod@java.com,
Cherry,Imesson,cimessonoe@usda.gov,100
Maddalena,Izkovici,mizkoviciof@booking.com,41
Benedikt,Riding,bridingog@twitter.com,98
Burk,Del Checolo,bdelchecolooh@hud.gov,72
Norah,Hayward,nhaywardoi@blog.com,76
Jami,Leathes,jleathesoj@europa.eu,46
Wilmer,Fansy,wfansyok@alexa.com,
Belinda,Bleckly,bblecklyol@wiley.com,48
Corina,Gomby,cgombyom@alibaba.com,39
Hersch,Sebring,hsebringon@furl.net,81
Gerry,Abramof,gabramofoo@smh.com.au,
Eliot,Loalday,eloaldayop@behance.net,25
Margot,Lozano,mlozanooq@businessweek.com,
Gracie,Cornforth,gcornforthor@hostgator.com,71
Alexina,Blaasch,ablaaschos@webs.com,69
Dino,Tieman,dtiemanot@china.com.cn,2
Isidoro,Rudiger,irudigerou@multiply.com,
,Lillee,clilleeov@alexa.com,7
Moishe,Gillan,mgillanow@si.edu,
Hazlett,Rentalll,hrentalllox@toplist.cz,99
Yuri,Billham,ybillhamoy@geocities.com,85
Giselle,Dunlap,gdunlapoz@ehow.com,63
Morry,Moring,mmoringp0@simplemachines.org,37
Anallese,Whitham,awhithamp1@imdb.com,24
Prinz,Bohea,pboheap2@stanford.edu,75
Dolly,Bottini,dbottinip3@live.com,
,Roddick,froddickp4@trellian.com,
,Legen,tlegenp5@elegantthemes.com,
Angelia,Minet,aminetp6@cocolog-nifty.com,
Filippo,Boothebie,fboothebiep7@google.ca,35
,Sends,msendsp8@prlog.org,64
Petronilla,Maggs,pmaggsp9@vimeo.com,32
Bambie,Brimilcome,bbrimilcomepa@fastcompany.com,
Patton,Sarjant,psarjantpb@reference.com,
Gilberta,Spurier,gspurierpc@rambler.ru,
Krishna,Chaplin,kchaplinpd@joomla.org,35
Kial,Guage,,16
Di,Ellgood,dellgoodpf@ted.com,
Tailor,Ratledge,tratledgepg@mapquest.com,6
Bertie,O' Molan,bomolanph@theguardian.com,
Gianina,Lettsom,glettsompi@mac.com,44
Mort,Isaacs,misaacspj@discovery.com,87
Waneta,Reynold,wreynoldpk@qq.com,
Somerset,Stitwell,sstitwellpl@live.com,58
Bern,Atherton,bathertonpm@360.cn,69
Nissie,Rickman,nrickmanpn@house.gov,55
Hank,Ronisch,hronischpo@fema.gov,
Essa,Calterone,ecalteronepp@free.fr,90
Blanche,Jedrzaszkiewicz,bjedrzaszkiewiczpq@chron.com,62
Jorie,Sauter,jsauterpr@163.com,
Giustina,Emons,gemonsps@dmoz.org,
Perceval,Dole,pdolept@gravatar.com,
Danika,Wadley,dwadleypu@paginegialle.it,95
Morley,Fuggle,mfugglepv@unicef.org,
Nalani,Eastabrook,neastabrookpw@nationalgeographic.com,
Denis,Witcherley,dwitcherleypx@163.com,20
Marnie,Scimoni,mscimonipy@zdnet.com,67
Samson,Johnke,sjohnkepz@arizona.edu,35
Aloise,Rummin,arumminq0@fastcompany.com,60
Guillermo,Marde,gmardeq1@netscape.com,
Archibaldo,Seville,asevilleq2@icq.com,92
Blane,Torrejon,btorrejonq3@mayoclinic.com,90
Elonore,Arnau,,
Judye,Doodney,jdoodneyq5@cam.ac.uk,38
Seward,Valek,svalekq6@wp.com,85
Portia,Kinleyside,pkinleysideq7@umn.edu,88
Susanetta,Brumfield,sbrumfieldq8@slate.com,
Winfield,Olyonov,wolyonovq9@redcross.org,64
Gloria,O'Hannay,gohannayqa@samsung.com,
Julius,Scoular,jscoularqb@4shared.com,23
Engracia,Vosse,evosseqc@digg.com,15
Lydon,Tuffield,ltuffieldqd@icq.com,9
Nicholas,Charnley,ncharnleyqe@adobe.com,65
Terrell,Cerith,tcerithqf@storify.com,24
Ashley,Pennington,apenningtonqg@ustream.tv,41
Dalia,Woolcocks,,28
Brittni,Laval,blavalqi@wunderground.com,3
Dora,Kivlin,dkivlinqj@virginia.edu,
Sharon,Benettolo,sbenettoloqk@scientificamerican.com,
Milicent,Passler,mpasslerql@free.fr,83
Rudolph,Hursey,rhurseyqm@biglobe.ne.jp,
Eduardo,Cattow,ecattowqn@washington.edu,
Stepha,Wheelton,swheeltonqo@yolasite.com,88
Lishe,Cawker,lcawkerqp@google.fr,33
,Clilverd,aclilverdqq@furl.net,
,Kerby,skerbyqr@etsy.com,35
Lindsay,Philo,lphiloqs@reuters.com,93
Katine,Goncaves,kgoncavesqt@meetup.com,47
Daisy,Lucien,dlucienqu@cdc.gov,
Elnore,Glozman,eglozmanqv@auda.org.au,48
Felicity,Wetherby,fwetherbyqw@digg.com,
Madelene,Mowday,mmowdayqx@themeforest.net,
Dorolisa,Schimek,dschimekqy@independent.co.uk,24
Grissel,Strewther,gstrewtherqz@skype.com,
Gaylene,Collinette,gcollinetter0@xinhuanet.com,78
Price,Yong,pyongr1@google.com,81
Stirling,Bechley,sbechleyr2@auda.org.au,
Chrotoem,Spuner,cspunerr3@hp.com,58
Hakeem,Stickels,hstickelsr4@1und1.de,
Minnnie,Moraleda,mmoraledar5@wikipedia.org,28
Debor,Burgot,dburgotr6@blogs.com,12
Alvis,Sandwich,asandwichr7@japanpost.jp,
,Gimbrett,rgimbrettr8@pagesperso-orange.fr,89
Rubin,Padrick,rpadrickr9@nba.com,92
Klaus,Pelcheur,kpelcheurra@cyberchimps.com,58
Kristos,Harkus,kharkusrb@europa.eu,6
Tobias,Hinsch,thinschrc@altervista.org,
Orrin,Muzzall,omuzzallrd@usgs.gov,9
Shelton,Hellcat,shellcatre@parallels.com,94
Isac,Rooper,irooperrf@harvard.edu,15
Berkley,Spurden,bspurdenrg@etsy.com,29
Filmore,Smitheman,fsmithemanrh@answers.com,65
Eveline,Edes,eedesri@jalbum.net,2
Ursa,Simonnet,usimonnetrj@msn.com,95
Keith,Macy,kmacyrk@yellowbook.com,
Lynelle,Ungerechts,lungerechtsrl@github.io,12
Fairfax,Manhare,fmanharerm@geocities.jp,78
Kamillah,Midlane,kmidlanern@jigsy.com,54
,Caen,scaenro@netscape.com,47
Kassey,Giovanni,kgiovannirp@latimes.com,2
Izzy,Buckell,ibuckellrq@oakley.com,69
Tammara,Cantor,tcantorrr@ameblo.jp,79
